sector,sector_priority,n_ipo,mean_return,median_return,Low_pct,Moderate_pct,High_pct
Manufacturing,38.814,35,33.79085714285714,27.12,51.42857142857142,31.428571428571427,17.142857142857142
Technology,35.11857142857143,35,29.374571428571425,21.48,51.42857142857142,31.428571428571427,17.142857142857142
Financials,27.843529411764706,34,15.175882352941176,13.395,79.41176470588235,17.647058823529413,2.941176470588235
